hour, t(sec), V1, VAngle1, V2, VAngle2, V3, VAngle3, I1, IAngle1, I2, IAngle2, I3, IAngle3
0, 0.00000, 8.57318, 26.4732, 4706.15, -153.64, 4635.53, 143.957, 19.1982, 1.17026, 19.1863, -178.754, 0.0275045, -126.044
