hour, t(sec), P1 (kW), Q1 (kvar), P2 (kW), Q2 (kvar), P3 (kW), Q3 (kvar)
0, 0.00000, -0.0882104, -0.00890928, 41.1242, 19.9745, 2.57768E-007, -0.0683694
