hour, t(sec), P1 (kW), Q1 (kvar), P2 (kW), Q2 (kvar), P3 (kW), Q3 (kvar)
0, 0.00000, 0.0574971, 0.297545, 4.91688E-009, -0.0608247, 85.0031, 39.6649
