hour, t(sec), V1, VAngle1, V2, VAngle2, V3, VAngle3, I1, IAngle1, I2, IAngle2, I3, IAngle3
0, 0.00000, 9.1048, -173.871, 4698.2, -153.652, 4625.96, 143.846, 9.73763, 0.36199, 9.73106, -179.558, 0.0147795, -126.154
