hour, t(sec), P1 (kW), Q1 (kvar), P2 (kW), Q2 (kvar), P3 (kW), Q3 (kvar)
0, 0.00000, 0.383125, 0.400237, 327.283, -95.3427, 124.369, 311.455
