hour, t(sec), P1 (kW), Q1 (kvar), P2 (kW), Q2 (kvar), P3 (kW), Q3 (kvar)
0, 0.00000, 0.148799, 0.0703464, 81.7573, 38.3235, 1.74969E-006, -0.127498
