hour, t(sec), V1, VAngle1, V2, VAngle2, V3, VAngle3, I1, IAngle1, I2, IAngle2, I3, IAngle3
0, 0.00000, 14.9938, 17.9221, 4712.86, -153.569, 4642.21, 143.907, 20.2117, -61.141, 0.0129061, -63.5693, 20.2063, 118.892
