hour, t(sec), P1 (kW), Q1 (kvar), P2 (kW), Q2 (kvar), P3 (kW), Q3 (kvar)
0, 0.00000, -2.84558, -1.50051, 387.917, 139.559, 300.253, 189.684
