hour, t(sec), S1 (kVA), Ang1, S2 (kVA), Ang2, S3 (kVA), Ang3
0, 0.00000, 4.90474, -4.6298, 58.0297, 0.937496, 54.3471, 54.2715
