hour, t(sec), S1 (kVA), Ang1, S2 (kVA), Ang2, S3 (kVA), Ang3
0, 0.00000, 56.5858, 52.2379, 58.0809, 0.895438, 95.5408, 24.0725
