hour, t(sec), S1 (kVA), Ang1, S2 (kVA), Ang2, S3 (kVA), Ang3
0, 0.00000, 56.5906, 52.2386, 58.0807, 0.895561, 95.5453, 24.0709
