hour, t(sec), V1, VAngle1, V2, VAngle2, V3, VAngle3, I1, IAngle1, I2, IAngle2, I3, IAngle3
0, 0.00000, 2698.21, -4.41342, 2812.04, -124.016, 2772.68, 113.792, 268.158, -34.7741, 221.628, -152.899, 254.945, 95.1699
