hour, t(sec), P1 (kW), Q1 (kvar), P2 (kW), Q2 (kvar), P3 (kW), Q3 (kvar)
0, 0.00000, 29.7069, 45.144, 1.04574E-009, -0.0213718, 55.3528, -5.16326
