hour, t(sec), P1 (kW), Q1 (kvar), P2 (kW), Q2 (kvar), P3 (kW), Q3 (kvar)
0, 0.00000, 25.6901, -2.29678, 15.3225, 22.2633, 1.1339E-007, -0.0239403
