hour, t(sec), P1 (kW), Q1 (kvar), P2 (kW), Q2 (kvar), P3 (kW), Q3 (kvar)
0, 0.00000, 50.9266, -5.12474, 30.9351, 43.541, 7.64685E-007, -0.0445786
