hour, t(sec), V1, VAngle1, V2, VAngle2, V3, VAngle3, I1, IAngle1, I2, IAngle2, I3, IAngle3
0, 0.00000, 2666.58, -4.50202, 2784.82, -124.167, 2740.99, 113.549, 19.1946, 1.2443, 19.1795, -178.774, 0.0162637, -156.452
