hour, t(sec), V1, VAngle1, V2, VAngle2, V3, VAngle3, I1, IAngle1, I2, IAngle2, I3, IAngle3
0, 0.00000, 2673.01, -4.47828, 2793.6, -124.133, 2748.83, 113.549, 20.2175, -61.1315, 0.00765026, -34.1329, 20.2243, 118.878
