hour, t(sec), V1, VAngle1, V2, VAngle2, V3, VAngle3, I1, IAngle1, I2, IAngle2, I3, IAngle3
0, 0.00000, 2632.75, -4.67525, 2768.31, -124.08, 2726.65, 113.169, 131.126, -28.1817, 87.9043, -173.576, 77.1143, 111.473
