hour, t(sec), V1, VAngle1, V2, VAngle2, V3, VAngle3, I1, IAngle1, I2, IAngle2, I3, IAngle3
0, 0.00000, 2648.85, -4.66337, 2777.88, -124.112, 2737.38, 113.296, 9.73727, 0.44546, 9.7292, -179.575, 0.00874572, -156.704
