hour, t(sec), P1 (kW), Q1 (kvar), P2 (kW), Q2 (kvar), P3 (kW), Q3 (kvar)
0, 0.00000, 316.573, 137.692, 158.052, 185.033, 210.171, 6.22322
