hour, t(sec), V1, VAngle1, V2, VAngle2, V3, VAngle3, I1, IAngle1, I2, IAngle2, I3, IAngle3
0, 0.00000, 2671.26, -4.49864, 2791.72, -124.141, 2747.59, 113.534, 41.2318, -31.0987, 72.2438, -137.418, 72.4237, 75.7003
