hour, t(sec), V1, VAngle1, V2, VAngle2, V3, VAngle3, I1, IAngle1, I2, IAngle2, I3, IAngle3
0, 0.00000, 14637.9, 2.54828, 13246.7, -126.803, 15723.8, 119.907, 52.8958, -11.6124, 47.7983, -134.154, 37.2505, 118.213
