hour, t(sec), V1, VAngle1, V2, VAngle2, V3, VAngle3, I1, IAngle1, I2, IAngle2, I3, IAngle3
0, 0.00000, 15764.7, -0.0365963, 14767, -117.866, 13242.6, 113.26, 47.1799, -12.4435, 44.4898, -126.404, 43.3472, 111.245
