hour, t(sec), V1, VAngle1, V2, VAngle2, V3, VAngle3, I1, IAngle1, I2, IAngle2, I3, IAngle3
0, 0.00000, 13223.6, -6.65877, 15865.6, -119.9, 14730.3, 122.306, 54.0662, -20.7677, 40.5264, -126.637, 41.1908, 117.483
