hour, t(sec), V1, VAngle1, V2, VAngle2, V3, VAngle3, I1, IAngle1, I2, IAngle2, I3, IAngle3
0, 0.00000, 15892.1, 1.76607, 12855.2, -122.515, 12189.3, 108.208, 45.7342, -11.1412, 47.5221, -133.768, 41.5427, 106.152
