hour, t(sec), V1, VAngle1, V2, VAngle2, V3, VAngle3, I1, IAngle1, I2, IAngle2, I3, IAngle3
0, 0.00000, 7170.17, -0.187749, 7181.11, -120.126, 7180.69, 119.853, 491.762, -36.874, 305.365, -154.563, 338.742, 86.9215
