hour, t(sec), V1, VAngle1, V2, VAngle2, V3, VAngle3, I1, IAngle1, I2, IAngle2, I3, IAngle3
0, 0.00000, 7179.01, -0.141065, 7180.61, -120.134, 7179.74, 119.862, 349.648, -35.1342, 324.856, -154.345, 338.334, 84.8173
